,Valve,Ventricle,Atrium,Heart,Adipose,Adipocyte,Osteoblast,Stromal cell,Chondrocyte,Bone marrow,Intestinal epithelial cell,Hepatic stellate cell,Small intestine,Liver,Colon,Colon mucosa,Hepatocyte,Esophagus,Beta cell,Gastric epithelial cell,Alpha cell,Pancreatic islet,Macrophage,Dendritic cell,Kupffer cell,Microglia,Neutrophil,Thymocyte,Plasmacytoid dendritic cell,Granulocyte,Spleen,Thymus,Blymphocyte,Tlymphocyte,Plasma cell,Skin,Fibroblast,Hair follicle,Melanocyte,Basal cell,Keratinocyte,Airway smooth muscle,Skeletal muscle,Vascular smooth muscle,Myofibroblast,Myoblast,Spinal cord,Cerebellum,Medulla,Thalamus,Hypothalamus,Pons,Retina,Cerebral cortex,Sensory neuron,Astrocyte,Motor neuron,Neuron,Oligodendrocyte,Midbrain,Lung,Lung epithelial cell,Trachea,Renal cortex,Ovary,Kidney,Granulosa,Testis,Podocyte,Oocyte,Breast,Mammary gland
ACVRL1,9.92094,8.90936,8.13118,5.72615,9.85639,7.44713,6.26748,5.4302,4.65403,3.1737,8.1753,7.63309,6.52893,5.95167,5.3649,4.79364,3.83218,3.56825,2.41968,2.36872,0.113644,0.113644,6.9754,5.81111,5.77221,4.96278,4.47438,3.83218,3.76961,3.56825,3.48123,3.1737,3.1737,2.41968,0.113644,7.49889,7.12679,6.67293,5.4302,3.05618,2.16272,8.98773,8.53721,7.69006,7.35999,6.17424,5.5514,4.59911,4.33251,4.16691,4.16691,4.11061,3.05618,2.99037,2.92457,2.61696,2.61696,2.41968,2.41968,2.16272,4.31312,3.11494,2.92457,7.67629,5.45333,4.56034,4.05534,3.52474,3.48123,3.05618,2.41968,2.41968
ADGRL4,7.20754,9.16523,8.20718,8.29015,10.2373,7.61504,7.87468,7.29945,3.39116,0.113644,0.113644,7.84657,5.5331,6.71195,2.61696,4.05534,3.05618,0.113644,0.113644,0.113644,0.113644,0.113644,0.113644,0.113644,6.85051,0.113644,0.113644,0.113644,0.113644,0.113644,0.113644,0.113644,0.113644,0.113644,0.113644,6.35023,6.62962,5.34024,4.38682,1.20968,0.113644,6.38743,8.25328,8.9635,6.21406,6.92548,4.51527,3.28517,6.72045,3.9543,3.9543,0.113644,3.70787,1.81287,1.20968,3.56825,0.113644,1.20968,1.81287,0.113644,0.113644,0.113644,0.113644,6.57163,2.92457,0.113644,0.113644,5.06359,7.40438,0.113644,0.113644,0.113644
ANPEP,10.5739,5.90239,6.88087,5.28658,8.02354,10.0564,11.5456,10.1536,9.25734,5.96743,12.0682,10.6134,9.29666,12.0567,7.20762,5.83833,12.4823,5.5514,2.61696,2.88501,0.113644,0.113644,12.5816,12.6933,11.8662,3.48123,12.1256,1.20968,6.79623,11.0158,3.48123,4.28551,1.20968,2.41968,0.113644,9.67365,10.6416,9.50818,6.27464,4.99416,7.04658,11.561,5.28658,10.2608,10.967,9.81244,2.92457,1.20968,3.83272,3.05618,3.05618,7.7319,1.20968,1.9878,1.81287,3.28517,0.113644,1.20968,0.113644,0.113644,7.03818,6.42307,4.77752,13.5658,6.47378,5.484,4.02961,3.28517,6.90917,3.1737,3.39116,3.64478
ANXA5,12.554,11.4699,11.1932,12.1761,12.3603,13.4388,13.3561,13.5598,13.0756,9.72339,10.4862,13.9282,11.3106,11.5996,11.3461,11.7749,12.589,11.9709,11.5871,12.3726,11.755,12.3882,13.3226,12.9405,12.9818,11.9298,11.0437,8.33578,10.9896,10.4759,10.5612,8.62478,10.6149,9.87578,11.2486,12.4166,13.6565,11.1714,13.8124,12.0601,11.9215,13.8181,10.186,13.2933,13.5074,13.7084,11.0973,8.02123,11.2534,10.9115,11.639,11.1775,10.9437,9.89094,11.2563,12.0226,10.242,10.4452,11.5034,10.0928,12.2073,12.2796,11.9402,11.0446,11.0068,11.5357,11.0005,10.3765,13.0156,9.47718,11.5918,11.3149
ARHGAP31,9.9554,9.98743,10.1034,8.37004,10.4398,9.89332,9.73299,9.06493,8.96601,5.84343,5.27315,9.66533,6.03426,7.0628,6.9657,6.94598,6.24863,5.51459,3.97909,6.65175,4.05534,0.113644,10.6637,10.9689,8.38997,8.22586,8.02584,8.26448,10.6531,5.51459,8.15151,8.29483,7.65386,7.49163,6.67736,9.16713,8.83322,9.89908,9.5156,6.92122,6.68963,7.7649,8.24738,9.02623,9.50662,8.48608,10.0643,8.91634,7.65605,8.48608,7.95029,8.04272,6.16779,7.36039,6.54968,9.2492,3.83218,5.3649,8.32484,5.38652,7.10033,5.89404,5.8662,9.37674,7.10985,6.93041,7.01,5.89233,9.38776,4.43111,6.03426,6.27464
ARMCX1,9.06808,9.148,8.65969,8.36605,8.25667,8.75978,8.6917,8.58913,8.90936,5.15699,2.85026,8.48608,7.89087,5.12981,4.80976,7.75933,5.4302,1.81287,8.33904,6.80292,8.50708,7.19727,7.78223,6.91696,7.33247,7.66804,4.05534,5.95167,6.38187,1.81287,3.28517,5.5514,0.113644,2.92457,0.113644,7.68261,8.5809,8.23321,9.48428,6.85317,7.59665,9.63074,8.82966,8.59651,8.37546,9.35745,7.24729,7.13892,6.7908,8.34337,8.59837,4.87314,7.93315,8.96893,9.75847,7.86771,9.11166,8.51018,7.94077,8.5441,4.93037,2.61696,6.49365,6.28103,6.51095,4.51527,7.20417,3.56825,7.45868,2.92457,6.47324,6.85035
BGN,14.8916,10.8649,11.7398,11.1648,8.24342,10.0235,13.3908,10.9006,14.3981,0.113644,0.661663,12.675,8.35972,10.1651,5.15699,5.9455,5.34282,7.74633,2.41968,5.24161,1.20968,1.81287,0.113644,0.113644,8.43605,3.39116,0.113644,0.113644,0.113644,0.113644,1.20968,1.20968,0.113644,0.113644,0.113644,9.97435,10.5793,12.0822,4.36936,2.61696,4.51527,13.01,7.85883,12.9001,12.6606,5.74381,8.41459,5.07842,7.69975,8.4413,8.84753,1.20968,3.70787,6.40852,3.64478,6.09783,2.61696,3.28517,3.28517,3.56825,2.77595,0.113644,3.05618,9.90764,9.111,3.05618,5.51161,5.76863,3.48123,3.76961,2.41968,1.81287
C11orf96,9.3242,7.31657,6.7824,7.31657,8.48608,6.36501,6.02565,4.87314,6.75903,0.113644,0.661663,5.47412,7.57242,6.01703,3.28517,3.47971,3.56825,1.81287,0.113644,3.94986,0.113644,0.113644,3.39116,2.16272,4.71323,1.20968,1.20968,4.11061,1.20968,1.20968,2.61696,2.99037,1.81287,2.41968,0.113644,4.77752,4.89983,5.99799,8.21526,1.20968,1.81287,5.28658,5.5514,5.45333,5.30108,1.20968,7.34266,3.83218,6.61407,6.95675,7.20421,1.20968,2.41968,6.32563,8.27953,3.70787,2.77595,4.16691,3.1737,4.33251,2.41968,0.113644,3.64478,8.52956,4.97646,4.67269,7.96493,4.94657,2.61696,3.48123,1.81287,2.16272
C1QC,11.3042,8.56004,8.97248,0.113644,4.51527,0.113644,0.113644,0.113644,0.113644,0.113644,2.77595,0.113644,7.90088,9.04527,0.113644,0.113644,2.77595,0.113644,0.113644,0.113644,0.113644,0.113644,11.3703,11.4421,6.40562,12.4071,2.92457,0.113644,2.41968,0.113644,0.113644,0.113644,0.113644,0.113644,0.113644,0.113644,0.113644,0.113644,0.113644,1.20968,0.113644,0.113644,5.81111,0.113644,0.113644,0.113644,10.8588,4.26947,0.113644,6.70196,6.70196,2.77595,0.113644,1.9878,0.113644,0.113644,0.113644,0.113644,0.113644,0.113644,0.113644,0.113644,0.113644,7.22146,4.51527,0.113644,0.113644,0.113644,0.113644,0.113644,0.113644,0.113644
C1QTNF1,12.3053,10.2136,11.3073,6.41035,8.9349,9.67269,6.60143,7.13593,7.72192,1.20968,3.28517,9.05898,6.14657,8.24738,6.01703,6.04982,5.38652,3.05618,3.05618,4.47438,1.20968,0.113644,3.89584,3.1737,6.5441,2.99037,2.16272,4.16691,1.81287,2.41968,2.77595,3.47971,2.41968,3.05618,0.113644,7.29945,6.90917,6.60267,7.9619,5.00836,7.46426,8.72108,7.57981,9.59657,8.92255,5.59303,5.67402,4.96278,5.80482,6.87137,7.03085,2.61696,3.76961,3.80089,5.51459,5.15699,3.56825,3.48123,2.61696,2.16272,6.03426,6.85776,5.07842,6.11439,7.31132,4.84279,8.69754,3.48123,7.82186,7.45868,3.28517,3.39116
C1QTNF5,9.86254,6.86236,6.57019,6.06605,8.30694,7.51341,7.57358,6.63818,7.31988,0.113644,0.661663,7.13892,5.63312,5.07842,3.1737,3.48123,3.39116,0.113644,1.81287,5.13028,0.113644,0.113644,0.113644,0.113644,4.8309,3.05618,0.113644,0.113644,0.113644,0.113644,0.113644,0.113644,0.113644,0.113644,0.113644,5.34282,6.35023,6.01613,6.89949,2.61696,1.20968,8.18742,5.79561,6.54968,6.35497,5.63312,7.50248,2.61696,2.41968,7.66284,7.88609,0.113644,4.00388,4.84145,3.1737,5.25971,0.113644,2.77595,5.04875,4.56034,0.113644,0.113644,3.1737,5.6831,3.48123,1.20968,0.113644,0.113644,3.64478,0.113644,0.113644,0.113644
C1R,13.8967,11.3512,11.8057,11.233,12.5947,11.8448,10.9725,10.5448,12.3977,5.99799,4.53781,12.1431,10.1594,13.6565,6.88558,6.77152,12.1406,10.1192,4.40897,6.27298,4.77752,6.95675,5.79561,4.43111,13.7352,6.05806,5.84343,5.07842,3.89584,7.11459,5.59303,5.00836,5.484,5.49388,6.06605,10.8284,10.5308,9.29243,7.15725,6.3224,6.68963,14.5779,9.23137,10.7651,12.7591,10.2819,9.77522,5.76006,7.96649,7.67462,8.62905,6.14657,7.66095,5.83986,3.39116,7.58896,4.59911,4.93037,5.4302,5.45333,8.25328,8.85427,8.21748,10.0405,9.96153,6.49365,8.73776,7.1528,7.82526,4.87314,5.57065,5.25971
C1S,13.308,11.3833,11.1624,10.1686,11.7257,12.0728,10.9124,11.1395,12.5203,6.23741,5.62179,12.1406,10.2979,14.0973,6.48238,6.70353,13.0961,10.1576,4.6924,4.88658,6.76675,8.27173,6.31418,5.79561,14.388,7.14836,4.51527,6.47324,5.03566,6.08194,5.49388,5.95167,5.20789,5.45333,6.79623,10.9328,10.8062,9.24072,5.77627,6.01703,5.98306,14.736,9.75925,11.1414,12.0324,9.13927,10.5097,7.45283,8.12854,7.90454,8.05298,6.01703,8.04335,5.7177,5.81111,7.38198,6.41035,5.61397,5.78326,5.59303,8.68093,9.33881,7.53071,9.58305,9.79464,5.7726,9.11938,8.22184,7.80204,7.06978,5.58184,4.89983
CCL13,5.98096,3.48123,2.16272,0.113644,5.15699,2.16272,0.113644,0.113644,0.113644,0.113644,0.113644,0.113644,0.113644,0.113644,0.113644,0.113644,0.113644,0.113644,0.113644,0.113644,0.113644,0.113644,4.80976,12.1941,2.61696,0.113644,0.113644,0.113644,0.113644,0.113644,0.113644,0.113644,0.113644,0.113644,0.113644,0.113644,0.113644,0.113644,0.113644,0.113644,0.113644,3.83218,1.20968,0.113644,1.20968,0.113644,0.113644,0.113644,0.113644,0.113644,0.113644,0.113644,0.113644,0.113644,0.113644,0.113644,0.113644,0.113644,0.113644,0.113644,0.113644,0.113644,0.113644,0.113644,0.113644,0.113644,0.113644,0.113644,0.113644,0.113644,0.113644,0.113644
CCL18,8.82952,3.70787,2.2912,0.113644,4.74622,0.113644,0.113644,0.113644,0.113644,0.113644,0.113644,0.113644,0.113644,1.20968,0.113644,0.113644,0.113644,0.113644,0.113644,0.113644,0.113644,0.113644,7.45868,9.33926,4.48868,0.113644,0.113644,0.113644,0.113644,0.113644,0.113644,0.113644,0.113644,0.113644,0.113644,0.113644,0.113644,0.113644,6.30103,2.16272,0.113644,0.113644,0.113644,0.113644,0.113644,0.113644,0.113644,0.113644,0.113644,0.113644,0.113644,0.113644,0.113644,0.113644,0.113644,0.113644,0.113644,0.113644,0.113644,0.113644,0.113644,0.113644,0.113644,0.113644,0.113644,0.113644,0.113644,0.113644,0.113644,0.113644,0.113644,0.113644
CCL2,10.8708,7.50607,7.66804,8.42438,6.0727,7.58896,8.76176,7.59973,8.99428,0.113644,0.113644,7.36331,6.13094,5.98306,3.83218,6.53855,5.51459,1.20968,1.81287,6.93921,0.113644,1.20968,11.0947,8.34797,9.82746,7.33897,2.92457,0.113644,3.70787,1.20968,0.113644,0.113644,0.113644,0.113644,0.113644,7.09227,7.83709,6.56644,5.22167,1.81287,1.81287,9.26166,4.71212,10.341,10.9969,0.113644,6.39889,0.113644,4.83745,3.48123,4.38682,2.16272,4.79364,4.6103,5.69219,6.68963,2.16272,3.28517,2.61696,2.77595,6.16133,8.42051,2.16272,7.85213,4.31312,3.39116,1.20968,2.51832,7.31657,0.113644,2.41968,0.113644
CCL7,0.113644,0.113644,0.113644,0.113644,0.113644,1.20968,2.16272,0.113644,2.41968,0.113644,0.113644,2.41968,0.113644,0.113644,0.113644,0.113644,0.113644,0.113644,0.113644,0.113644,0.113644,0.113644,6.95675,3.89584,5.15711,0.113644,0.113644,0.113644,0.113644,0.113644,0.113644,0.113644,0.113644,0.113644,0.113644,0.113644,1.20968,0.113644,0.113644,0.113644,0.113644,3.64478,0.113644,4.31312,4.83868,0.113644,0.113644,0.113644,0.113644,0.113644,0.113644,0.113644,0.113644,0.113644,0.113644,0.113644,0.113644,0.113644,0.113644,0.113644,0.113644,0.113644,0.113644,0.113644,0.113644,0.113644,0.113644,0.113644,0.113644,0.113644,0.113644,0.113644
CCL8,4.34675,3.05618,1.20968,0.113644,3.89584,1.20968,0.113644,0.113644,0.113644,0.113644,0.113644,0.113644,1.20968,0.113644,0.113644,0.113644,0.113644,0.113644,0.113644,0.113644,0.113644,0.113644,7.19032,6.62962,4.06061,0.113644,1.20968,0.113644,0.113644,0.113644,0.113644,0.113644,0.113644,0.113644,0.113644,0.113644,0.113644,0.113644,0.113644,0.113644,0.113644,3.56825,0.113644,0.113644,1.20968,0.113644,0.113644,0.113644,0.113644,0.113644,0.113644,0.113644,0.113644,0.113644,0.113644,0.113644,0.113644,0.113644,0.113644,0.113644,0.113644,0.113644,0.113644,0.113644,0.113644,0.113644,0.113644,0.113644,0.113644,0.113644,0.113644,0.113644
CD63,13.0582,12.2382,12.6378,12.6194,13.3752,13.1515,13.0553,13.1204,12.9992,11.1067,12.9005,13.1706,12.2286,11.8653,12.1722,12.4375,12.7414,11.9361,11.8787,12.9664,12.3696,13.4388,13.6165,12.7117,12.568,12.5307,11.0793,7.63847,10.3261,11.5059,10.5198,8.52204,10.5389,9.47929,11.7301,12.4456,13.2031,11.5173,14.4612,11.8867,11.6537,13.5785,11.5687,13.2369,12.983,13.7839,10.9219,7.94077,11.823,12.3039,12.2754,11.3002,11.529,10.6003,11.4251,11.9785,11.3254,11.0916,10.6019,11.4073,12.3125,12.1981,12.6668,11.4837,11.9194,11.4411,12.8393,10.5147,12.3696,9.87214,12.1074,11.8713
CH25H,5.38651,3.05618,2.16272,1.81287,4.21911,5.28658,3.70787,1.9878,3.11494,0.113644,0.113644,4.05534,3.64478,1.20968,1.20968,2.85026,0.113644,0.113644,0.113644,0.113644,0.113644,0.113644,3.1737,6.56004,2.51832,2.16272,0.113644,0.113644,0.113644,0.113644,2.77595,0.113644,0.113644,1.20968,0.113644,2.92457,2.92457,1.9878,1.81287,1.20968,1.81287,4.3519,0.113644,3.39116,4.05534,0.113644,4.77752,0.113644,2.41968,3.05618,3.76961,0.113644,0.113644,1.9878,2.77595,1.20968,0.113644,0.113644,0.113644,0.113644,1.20968,0.113644,3.56825,1.20968,0.113644,0.113644,0.113644,0.113644,1.20968,0.113644,0.113644,0.113644
CNRIP1,9.48728,7.2636,6.74922,7.9722,8.22586,8.21748,8.78839,8.57321,9.25345,2.77595,1.20968,8.50395,5.23546,5.15699,3.83218,4.45612,2.61696,0.113644,6.33632,4.49014,6.9462,0.113644,6.93534,5.25971,5.95125,7.17515,2.41968,0.113644,2.41968,3.1737,1.20968,1.81287,0.113644,0.113644,0.113644,7.00978,8.51328,7.70311,8.1891,2.61696,1.81287,8.7545,7.00978,7.95551,8.78718,7.90918,7.99248,9.24017,4.13876,8.8032,8.94437,2.41968,8.65534,8.09102,10.0954,7.32318,8.30694,8.29015,7.26685,9.6345,4.21911,3.83218,0.113644,4.82627,6.01703,6.09783,8.0026,2.92457,6.67736,8.96603,0.113644,0.113644
COL15A1,11.7711,10.9276,9.4833,8.82663,10.1582,10.8608,5.67402,6.35762,10.1338,2.92457,3.39116,7.84657,7.90918,3.83218,3.83218,5.1825,3.48123,5.15699,3.05618,3.30406,2.92457,6.68963,4.26947,3.83218,4.50253,5.34282,3.05618,3.83218,3.11494,3.48123,3.76961,3.76961,3.39116,3.39116,0.113644,8.38486,7.243,8.86384,5.79561,2.77595,2.61696,9.85343,10.7478,9.74156,7.48605,6.8453,5.76006,3.70787,5.61274,3.89584,4.00388,3.1737,3.1737,4.1115,5.47412,4.43111,3.89584,4.31312,4.43111,3.9543,4.56034,3.05618,2.92457,8.63073,7.26073,3.28517,5.15699,7.59373,3.9543,5.04875,3.1737,2.77595
COL1A2,14.6541,12.1968,11.6482,13.588,13.6263,15.7616,17.4412,16.3707,15.0373,4.84279,4.47319,17.4412,12.1786,9.57864,9.4772,11.401,7.62057,8.08543,6.69947,1.81287,6.16133,7.96365,3.70787,3.28517,11.4838,7.70909,2.77595,6.4358,3.39116,4.29129,4.59911,4.84279,4.53781,3.28517,4.38682,14.5779,16.1368,14.8916,10.7942,4.38682,5.04875,17.1051,11.2209,17.4412,16.1368,15.5435,9.10425,5.91845,8.86276,7.29945,10.0895,4.43111,6.67211,8.43321,7.26034,9.54344,7.45868,7.46884,8.00587,7.51189,6.23741,2.77595,4.74622,11.2528,12.1409,4.74622,8.69715,9.58712,4.43111,5.8662,3.89584,3.64478
COL3A1,13.8388,12.1968,11.3255,12.8274,13.7952,15.9328,15.8027,14.3285,15.2334,0.113644,3.05618,16.5074,12.4655,10.8012,5.94294,11.3547,7.30561,5.3649,2.16272,3.82218,0.113644,2.16272,0.113644,0.113644,11.3993,4.67269,0.113644,0.113644,0.113644,0.113644,0.113644,0.113644,0.113644,0.113644,0.113644,13.5785,14.0304,13.9282,3.39116,1.81287,3.28517,15.7616,11.2953,16.6677,15.1425,14.553,6.42264,1.20968,9.07179,5.70924,9.85522,0.113644,2.16272,2.79669,4.80976,8.25667,3.56825,5.69219,8.18352,7.00698,3.64478,3.33816,1.81287,11.3984,11.0789,5.67402,7.43559,8.75299,3.28517,3.28517,3.9543,3.86401
COL8A2,9.93873,4.59911,5.13028,4.77752,6.45202,6.54968,8.0003,6.57844,9.78743,0.113644,1.81287,6.27464,2.92457,3.56825,3.48123,5.19622,2.41968,6.27464,1.20968,4.88649,0.113644,0.113644,7.38969,6.74061,4.93037,5.91042,5.23546,1.81287,7.73736,2.99037,2.41968,3.28517,1.81287,2.16272,0.113644,6.93534,5.96743,9.383,3.39116,5.22167,4.84279,8.48608,3.56825,6.68963,5.811,4.11061,8.10195,7.00978,4.67374,4.80976,4.80976,3.9543,3.70787,1.81287,1.81287,4.89983,0.113644,2.16272,2.41968,2.41968,2.92457,1.81287,4.00388,3.39116,5.31558,2.77595,3.22943,2.16272,5.12981,0.113644,1.81287,1.81287
CSF1,10.2605,8.17413,8.32741,7.69953,9.04138,9.7965,9.67904,8.57341,9.32627,3.52474,4.38682,9.99958,7.60901,7.98584,6.71195,6.09336,8.69269,6.46517,3.73874,8.35092,3.1737,0.113644,10.3423,10.6512,9.21043,7.82916,8.64078,4.31312,3.52474,8.72582,7.92253,5.0206,5.37571,7.59665,0.113644,8.22132,9.06331,8.0262,7.90503,6.09783,6.18762,10.8533,7.47443,9.41696,10.6552,8.83547,10.1061,6.16133,7.06177,8.0758,8.71085,6.83068,4.87314,7.81963,4.47438,8.79224,3.89584,5.15699,7.65305,4.19301,8.3629,8.25696,6.07935,7.62683,7.29984,6.85317,4.94657,5.27315,9.59322,2.77595,6.88558,5.7324
CTSB,13.4987,12.9937,12.9668,11.9613,13.0184,13.1266,13.6769,13.1021,12.8134,10.5548,12.0705,13.5598,12.21,13.2031,12.4246,12.2996,13.588,11.9915,10.7357,11.2474,12.0498,11.8517,16.2471,15.5435,14.0809,13.6165,12.1207,10.049,13.2113,10.7373,11.0036,10.062,9.56537,10.5272,10.362,12.956,13.4468,13.0617,14.2458,12.6349,12.5558,13.8901,11.3229,13.2437,13.2438,12.6588,12.9203,10.6322,11.8986,12.4655,12.5273,12.1158,11.502,10.4282,12.3067,12.0091,10.923,10.8621,10.9973,11.2661,12.2233,12.0136,13.3373,13.7084,12.3168,11.3186,12.385,9.9103,12.4391,11.6921,11.782,11.3477
CTSL,11.2996,10.929,10.5534,10.5798,11.0292,11.2146,10.815,10.8401,11.4136,4.00388,7.88845,11.2736,9.01157,11.3081,8.97262,9.15257,11.1157,9.74625,9.92306,9.29857,9.86149,10.4095,13.2369,11.2209,11.7145,10.2273,7.26034,3.9543,4.74482,3.83272,5.12981,4.89983,1.20968,4.99416,0.113644,10.3905,11.008,8.28801,11.2581,9.27797,9.84363,11.7249,9.54344,11.1648,10.9353,10.813,8.99533,7.11933,8.9081,9.42157,9.65078,8.25667,9.15856,7.5475,8.75087,9.14581,8.29646,8.32484,7.79648,8.64657,10.3327,11.6569,9.3222,10.423,10.2311,9.48566,10.0155,9.53912,9.80126,9.68221,9.6281,9.47327
CXCL1,5.39744,3.43619,2.61696,3.05618,2.77595,4.93037,5.89404,2.41968,3.05618,0.113644,3.67632,6.62962,3.48123,4.80976,4.84279,6.03712,5.5331,3.48123,3.86401,5.4616,1.20968,0.113644,9.00801,5.25971,7.36039,1.81287,7.4407,0.113644,0.661663,9.90836,0.113644,0.113644,0.113644,0.113644,0.113644,3.64478,4.38682,3.24641,6.45859,9.08243,7.37048,3.9543,1.20968,8.16377,9.9919,2.77595,1.81287,0.113644,3.11494,2.16272,2.41968,3.64478,1.20968,0.113644,1.20968,1.81287,0.113644,0.113644,0.113644,0.113644,6.09783,7.94854,11.0188,3.89324,3.28517,2.61696,5.48165,0.113644,9.58938,0.113644,2.92457,2.41968
CXCL12,11.3324,11.1328,10.4549,9.35141,10.3899,10.134,10.899,9.54794,6.61323,0.113644,2.41968,10.3971,8.64543,9.99084,5.31558,8.50301,5.07842,0.113644,4.13876,3.67502,0.113644,0.113644,3.89584,0.113644,7.19487,6.98284,0.113644,0.113644,1.51127,0.113644,0.113644,0.113644,0.113644,0.113644,0.113644,10.5612,10.2985,9.08446,4.08298,0.113644,0.113644,13.4987,10.5729,10.2107,11.7238,5.3649,8.05127,3.28517,6.26164,5.25971,5.90239,0.113644,4.26947,6.64518,2.41968,6.54968,4.80976,4.00388,3.56825,1.51127,1.20968,0.113644,0.113644,10.0719,7.0228,5.02256,3.52474,5.88569,5.12981,2.41968,6.04217,6.15395
CXCL2,6.86227,6.75903,5.70917,3.83218,4.11061,4.89983,4.53781,2.41968,3.1737,3.76961,5.7726,4.87314,4.26947,9.3327,4.16691,3.70021,8.37638,3.56825,1.81287,5.11439,0.113644,1.81287,9.10164,6.88087,7.46283,2.77595,3.56825,3.64478,2.92457,5.10102,2.92457,3.1737,0.113644,1.81287,0.113644,3.05618,3.05618,2.92457,3.86401,7.81791,5.25971,2.41968,3.76961,5.38652,7.1299,3.39116,3.1737,1.81287,6.22403,3.1737,3.56825,2.92457,2.41968,2.61696,0.113644,3.05618,0.113644,1.20968,2.92457,1.81287,6.9462,7.18273,8.39281,5.26095,3.28517,2.92457,3.43619,1.20968,6.37631,0.113644,3.70787,3.1737
CXCL3,3.60651,2.92457,2.41968,2.16272,2.77595,3.76961,4.05534,1.9878,3.05618,0.113644,5.2338,4.84279,2.41968,3.28517,4.63537,4.05534,3.70787,1.20968,1.20968,4.80849,0.113644,0.113644,8.84983,6.05008,4.40897,1.81287,3.48123,4.80976,2.2912,4.40897,1.20968,3.11494,0.113644,1.20968,0.113644,2.16272,2.92457,0.113644,4.26947,5.96743,5.02256,2.41968,1.20968,5.67402,6.67734,2.92457,1.20968,0.113644,2.85026,2.16272,2.41968,2.16272,1.20968,1.51127,1.20968,2.41968,0.113644,1.20968,1.81287,1.20968,5.07842,6.20084,6.65623,1.81287,1.81287,2.61696,3.1737,0.113644,5.49388,0.113644,2.41968,1.81287
CXCL8,5.52384,3.1737,2.16272,5.5514,3.1737,5.8662,6.79614,4.16691,4.28551,5.5331,8.64757,7.46426,3.64478,5.69219,4.85797,4.09204,7.05535,4.05534,3.60651,7.2845,3.89584,7.65305,12.6349,10.6322,9.34254,4.16691,10.2698,2.16272,6.53101,12.2727,4.11061,3.83272,2.77595,4.26947,0.113644,4.00388,4.59911,1.9878,5.79322,9.76892,5.82639,2.77595,1.20968,8.31069,8.12403,4.71212,2.77595,0.113644,4.58465,2.16272,2.41968,6.4358,1.81287,1.20968,1.20968,3.1737,0.113644,0.113644,1.20968,0.113644,7.54934,7.59649,11.1599,3.93402,4.05534,3.05618,6.04635,0.113644,9.73525,2.16272,4.74622,3.28517
DAB2,11.986,9.5583,9.26104,10.6186,11.2252,11.0824,11.9497,11.795,11.3611,7.02366,9.20565,11.8136,9.35657,9.04527,8.66501,8.96431,9.22023,8.2838,5.3292,7.56888,2.61696,6.70196,11.3273,10.845,10.0775,10.2549,7.29406,5.10633,11.0539,5.92656,4.11061,6.98655,1.81287,3.48123,2.41968,10.5533,11.7145,9.95053,11.5997,7.24953,6.50485,12.5099,8.99067,11.6153,11.9137,10.9827,9.31717,8.3814,8.52661,7.12679,7.21826,7.37048,8.55124,5.33404,5.02256,8.37004,6.77744,5.76006,5.65482,3.86195,8.4916,8.18063,6.83068,12.3911,8.40031,8.54663,8.43156,7.56194,9.70888,6.30103,7.37048,6.54418
ECM1,11.0571,8.63669,8.70436,7.90918,8.34337,8.22586,9.75875,9.41463,9.26038,0.113644,3.64478,10.5612,8.33578,7.79648,6.09783,6.08354,5.5514,9.37413,3.28517,7.13506,0.113644,0.113644,10.028,8.07033,8.45269,4.38682,3.89584,1.20968,4.05534,2.77595,2.92457,2.69645,4.26947,4.16691,0.113644,9.92677,10.4202,8.59536,11.671,7.69186,9.19823,11.5595,6.77744,9.75323,11.0026,9.59445,3.83218,3.70787,5.7177,4.99416,4.87314,3.9543,4.6924,4.59398,6.35023,6.16133,3.70787,4.16691,3.1737,4.76187,5.5514,5.44176,8.10195,5.59231,5.64397,4.71212,5.39755,4.16691,8.64543,3.05618,4.93037,4.9151
EMILIN1,11.6212,7.99738,7.18525,7.61504,6.17424,10.276,11.7016,10.5093,11.8956,0.113644,1.81287,12.3272,8.59108,7.23213,5.8662,5.81313,4.56034,4.99416,1.9878,3.70719,0.113644,0.113644,7.69006,5.72615,8.52072,6.41035,3.9543,2.61696,7.76099,3.39116,3.83218,3.86401,5.12981,4.47438,0.113644,7.44713,10.3578,6.07396,7.81365,3.56825,4.11061,12.589,7.28786,11.8165,11.2576,7.61504,8.71085,3.56825,3.89584,6.91696,7.29406,4.11061,2.61696,4.97847,5.72615,5.10633,0.113644,4.21911,4.38682,4.16691,4.21911,3.89584,2.77595,8.78347,6.98284,4.47438,3.70787,3.92507,4.3519,2.41968,3.83218,4.00388
EMP1,12.1748,10.9493,10.7068,9.87578,13.2097,12.0091,12.0498,11.2899,12.0395,6.38743,11.9975,11.4197,9.23424,8.18352,9.98036,9.76553,6.38743,10.0303,2.85026,9.9875,1.81287,0.113644,11.7515,10.4364,9.28564,7.39352,5.38652,3.9543,6.97799,6.18805,6.30103,4.21911,3.28517,4.84279,0.113644,12.2952,11.4883,11.3856,12.4977,10.908,12.1256,11.9132,9.60298,10.8555,11.3351,10.4095,10.0823,6.74061,10.1509,8.34797,9.37255,7.0628,6.91696,6.28344,3.1737,9.31329,3.83218,5.31558,8.52491,4.36936,9.62546,7.17565,11.0973,9.75532,8.54893,6.71195,7.58069,7.21122,7.75317,4.3519,9.6997,8.41576
ENG,12.9153,11.6291,11.667,9.74278,9.73525,10.0208,11.6644,10.5475,10.5381,7.4407,2.92457,11.6406,8.77715,9.92677,6.92122,5.35386,6.45202,7.87338,3.1737,5.7531,0.113644,0.113644,11.4678,10.2509,10.2985,8.06804,8.66182,6.58321,8.08526,4.80976,7.25523,7.97891,6.13094,7.17515,0.113644,9.33518,10.4844,8.20863,10.4706,6.77744,5.69219,11.4602,9.77837,11.1328,11.8674,9.55663,8.86308,6.89949,9.02579,7.96808,7.83709,7.9722,4.67269,5.5556,5.18213,5.5331,1.81287,3.39116,3.70787,3.67632,7.13293,4.05534,6.14657,10.4663,9.51165,6.20187,8.97842,7.05481,7.72768,9.00801,7.63021,6.51095
FABP4,6.19937,10.9281,9.47231,7.95029,15.5435,14.3778,2.16272,1.20968,3.70787,0.113644,0.113644,3.76961,3.05618,3.64478,0.113644,0.113644,0.113644,0.113644,0.113644,0.113644,0.113644,0.113644,5.93591,7.92253,5.96084,0.113644,0.113644,0.113644,0.113644,0.113644,0.113644,0.113644,0.113644,0.113644,0.113644,1.81287,0.113644,1.20968,1.20968,2.61696,1.20968,2.41968,9.17601,2.61696,4.36936,0.113644,0.113644,0.113644,1.20968,1.20968,1.20968,0.113644,2.41968,0.113644,0.113644,0.113644,0.113644,0.113644,0.113644,0.113644,0.113644,0.113644,1.20968,2.2912,0.113644,0.113644,0.113644,0.113644,0.113644,0.113644,0.113644,0.113644
FAM20C,9.331,7.89585,7.47244,7.42671,9.05898,9.03285,9.85318,9.00523,10.0527,0.113644,7.67905,9.66068,8.9635,8.98773,7.31657,6.6958,9.11453,7.73525,5.83491,7.89565,2.92457,0.113644,10.3636,8.98773,9.0467,8.27014,6.56004,0.113644,6.13896,3.47971,1.20968,2.16272,0.113644,2.41968,0.113644,7.85098,9.1625,7.8247,7.76126,6.33632,7.49889,10.4015,8.62357,9.15573,8.64981,8.04956,9.50407,7.53683,6.95595,9.34152,9.37075,6.38743,6.89949,9.217,10.1124,8.71416,8.13314,8.09635,7.52411,7.66054,7.51341,6.85833,5.78326,10.2662,6.78634,7.00003,4.87131,4.72917,9.48878,1.81287,7.74633,8.24099
FAP,7.14836,6.05806,3.39116,7.11933,5.65482,9.37075,10.9663,11.0143,10.3103,0.113644,1.20968,10.9454,3.64478,2.16272,1.20968,3.11494,1.81287,1.81287,2.61696,0.113644,10.6052,8.54244,2.77595,0.113644,7.43491,0.113644,1.81287,0.113644,0.113644,1.20968,0.113644,0.113644,0.113644,0.113644,0.113644,7.90088,10.2838,7.43175,6.92768,3.05618,5.8662,10.9651,6.9657,11.1232,9.89772,10.0603,3.11494,0.113644,3.28243,3.28517,3.28517,0.113644,6.9657,2.16272,0.113644,3.56825,0.113644,1.20968,1.20968,0.113644,1.81287,0.113644,3.39116,2.41968,3.48123,1.20968,0.113644,1.81287,1.81287,0.113644,1.20968,0.113644
FPR3,6.54466,5.82639,5.00836,2.16272,7.75625,2.77595,1.81287,1.20968,1.20968,0.113644,2.61696,2.16272,4.31312,5.82639,2.16272,2.16272,2.16272,0.113644,0.113644,0.113644,0.113644,0.113644,11.0036,11.7266,5.84806,1.81287,5.02256,1.20968,4.65561,2.16272,1.81287,2.16272,0.113644,1.20968,0.113644,2.41968,0.113644,1.20968,0.113644,2.41968,1.20968,0.113644,3.83218,1.81287,1.81287,1.20968,4.76187,2.16272,1.20968,1.20968,1.20968,3.64478,1.20968,0.661663,0.113644,1.81287,0.113644,0.113644,2.41968,0.113644,1.20968,0.113644,0.113644,3.43619,2.41968,1.20968,1.20968,1.81287,0.113644,0.113644,1.20968,1.81287
GEM,9.93761,8.05707,7.03871,8.73712,6.39847,7.74633,7.45757,6.93534,9.67695,0.113644,7.54411,8.30029,7.71533,5.5514,6.24863,6.2509,5.07842,4.93037,5.95167,6.96109,6.09783,3.05618,7.29945,6.42264,6.87051,4.80976,2.16272,3.83218,4.11061,0.113644,5.40837,3.39116,4.37212,4.47438,0.113644,6.31418,7.60281,7.47145,6.20796,5.99799,4.26947,10.0629,4.77752,8.84201,8.32825,6.27464,5.80336,1.81287,7.03003,5.5331,6.09783,2.61696,8.83661,6.24302,1.81287,6.83834,2.92457,4.87314,6.16133,5.06359,6.59685,6.79614,4.71212,7.32343,6.56825,5.47412,7.77005,4.36936,5.88569,8.23044,5.28658,5.63312
GPNMB,11.6502,12.0834,10.3969,10.8927,10.8574,10.4681,10.5733,9.37912,9.71426,6.30103,5.97647,7.30561,6.9462,8.01158,5.91042,6.01703,5.88569,8.24342,5.67402,4.43812,6.35023,8.02123,13.8901,11.6375,11.7129,8.87049,4.77752,4.11061,5.87595,4.51527,4.71212,3.97909,5.98306,4.21911,7.23213,11.6561,10.3981,12.5168,14.553,7.10186,9.84671,13.719,8.8032,10.0805,10.6464,9.1361,10.7276,4.51527,8.52956,7.24729,7.24729,5.61397,6.86236,3.17067,5.5331,6.01703,4.80976,4.3519,2.92457,5.61307,7.19727,5.28658,9.77414,7.96088,7.53672,5.10633,5.18213,5.93506,4.93037,5.78326,7.4407,6.80554
HRH1,7.76713,4.79364,4.82627,5.95167,7.57981,7.23213,8.10812,7.68261,9.47615,3.28517,8.48665,8.25328,5.02256,3.56825,6.79623,6.36637,2.77595,7.00003,2.41968,7.69174,3.39116,2.41968,7.33029,7.82916,5.46096,6.86236,3.56825,3.64478,2.61696,3.39116,3.39116,2.92457,2.77595,3.28517,2.77595,7.46426,7.67462,5.98509,2.16272,6.86236,7.76936,8.62357,5.12981,8.19063,8.86148,6.78736,4.94657,2.77595,6.02403,3.9543,4.00388,3.64478,3.28517,4.62044,3.1737,6.93534,4.26947,3.70787,2.61696,2.99037,6.68963,6.89018,7.60901,4.97847,6.20187,3.89584,6.66685,3.28517,7.66804,4.21911,4.6924,4.00388
HSD11B1,6.52121,4.88649,3.89324,4.51527,7.72768,6.89949,2.61696,2.61696,5.6831,0.113644,0.113644,6.75783,2.16272,9.38595,0.113644,0.113644,8.76542,0.113644,0.113644,0.963256,0.113644,0.113644,6.18762,7.66804,10.4971,0.113644,1.81287,0.113644,0.113644,0.113644,0.113644,0.113644,0.113644,0.113644,0.113644,3.1737,1.20968,0.113644,0.113644,5.31231,3.56825,7.56734,4.51527,4.80976,6.1521,0.113644,2.92457,6.14657,1.20968,1.81287,1.81287,0.113644,0.113644,0.113644,0.113644,0.113644,0.113644,0.113644,0.113644,0.113644,0.113644,0.113644,3.76961,1.20968,2.41968,0.113644,1.81287,0.113644,0.113644,0.113644,0.113644,0.113644
HTRA1,11.3556,10.1816,9.42453,10.1791,11.0496,12.4688,12.3183,11.5619,12.9203,0.113644,3.1737,11.1457,8.59108,10.1387,6.38187,8.03146,9.99084,8.00002,4.43111,7.20582,4.74622,0.113644,8.15151,0.113644,11.5536,10.5187,2.77595,0.113644,0.113644,0.113644,0.113644,0.113644,0.113644,0.113644,0.113644,10.3278,10.8211,10.883,9.93643,8.2838,10.9751,10.837,8.21748,11.3556,11.6113,12.6157,11.4791,9.46423,8.10567,11.7214,11.9709,4.87314,10.3555,9.47084,9.45761,10.5743,5.63312,7.39734,9.41994,7.43403,7.74633,6.8949,8.45606,9.4827,9.38449,7.21103,11.5929,5.1434,7.30561,6.23741,6.8903,7.38391
HTRA3,10.6913,9.91591,9.0227,4.84279,7.7375,7.78223,6.42922,5.12981,8.55041,0.113644,0.113644,8.12393,5.18213,3.89584,3.70787,4.82627,2.77595,6.48238,0.113644,2.54902,0.113644,0.113644,4.89983,1.20968,4.51214,1.20968,2.16272,0.113644,0.113644,3.05618,0.113644,0.113644,0.113644,0.113644,0.113644,5.90239,5.8662,4.11061,3.43619,1.20968,0.113644,9.37661,8.60063,7.10985,6.92122,7.51341,2.2912,0.113644,1.81287,3.1737,4.21911,1.20968,1.20968,2.41968,3.83218,3.28517,0.113644,1.20968,1.81287,0.113644,3.05618,2.77595,0.113644,3.60651,6.56568,4.26947,4.71212,2.61696,4.26947,4.43111,1.20968,0.113644
IGFBP4,12.72,11.4333,11.8418,10.4095,11.2938,11.8249,13.9155,12.6233,11.7505,0.113644,9.65662,13.677,10.3265,12.589,10.2142,10.8059,11.9402,9.91698,4.51527,9.59764,0.113644,0.113644,7.57242,6.90917,13.4242,6.91306,6.07935,4.00388,5.59303,2.2912,7.33897,4.16691,6.02565,6.86236,0.113644,11.3703,12.4722,9.69911,9.46356,9.81105,7.90918,14.8916,9.80965,12.0834,12.6994,10.2038,7.69964,4.47438,9.34793,7.20421,9.00801,6.35023,7.34892,8.12869,6.26032,8.4413,6.49365,7.06978,8.32484,7.29313,10.2887,11.4235,9.84671,12.4572,10.5908,6.91696,9.27797,8.1891,11.0493,4.77752,10.802,10.991
IGFBP7,13.9751,12.7591,11.8702,12.8803,11.724,12.2587,13.6118,12.3527,11.7532,8.53541,5.34024,13.0382,11.6239,10.8678,7.70672,9.9529,6.9754,8.9972,8.1195,6.0121,9.93459,10.242,7.53071,6.71195,9.70824,7.28076,7.23213,3.05618,5.80336,7.41203,5.45333,4.29129,3.05618,3.39116,0.113644,10.7337,11.0965,11.6619,12.5273,10.1926,10.7216,10.9388,10.5565,13.4553,13.2064,10.61,10.9988,5.28658,10.3256,10.0073,10.2086,7.89087,7.93315,6.25393,5.98306,9.72661,5.63312,5.18213,5.04875,5.64397,9.10164,7.28315,11.4883,13.2896,9.92688,9.20348,11.0277,9.00189,13.1266,5.84343,7.54934,5.30108
IL1R1,11.4421,9.78303,9.27815,8.79012,10.2776,11.1975,10.5423,10.1628,11.5364,5.02256,4.89983,10.9708,8.57032,10.7868,7.19727,6.38768,10.07,6.9828,6.20187,7.25252,8.51328,8.08888,8.4916,10.077,11.0065,5.75193,8.97562,4.31312,4.43111,9.31691,4.51527,3.83218,5.07842,4.63537,0.113644,10.2739,9.93001,9.56489,6.33632,8.37164,7.24729,12.6003,8.33012,10.5678,10.8387,9.27797,7.66284,4.51527,8.8275,4.71212,5.07842,6.90917,6.36501,2.38984,4.00388,6.68963,3.56825,3.48123,3.05618,2.16272,8.56328,8.44788,8.46608,9.65903,8.97186,7.38969,7.1316,6.87612,8.13314,4.26947,7.58896,8.19528
IL6,5.99052,3.9543,3.56825,5.23546,2.16272,6.70196,6.8949,6.8949,3.80089,0.113644,0.113644,7.47443,1.20968,1.20968,1.20968,1.20968,1.20968,4.47438,0.113644,3.77366,0.113644,0.113644,5.45333,5.91845,5.6234,0.113644,2.61696,0.113644,2.41968,0.113644,1.20968,0.113644,0.113644,0.113644,0.113644,3.05618,5.66442,1.6862,3.92507,3.05618,3.1737,6.62962,1.20968,8.55124,7.77393,1.81287,1.20968,0.113644,2.69645,1.20968,1.20968,1.20968,1.20968,0.113644,0.113644,1.81287,0.113644,0.113644,0.113644,0.113644,4.11061,1.20968,4.51527,1.20968,1.81287,0.113644,0.113644,0.113644,9.91484,0.113644,2.16272,1.20968
INHBA,8.68576,5.83491,5.12901,9.32737,4.84279,8.97262,11.7802,11.6303,10.4804,3.1737,3.80089,10.8164,6.11658,7.25523,3.05618,3.85588,7.00003,5.99799,7.66158,2.29441,8.43178,8.19468,8.47383,8.78132,8.74294,6.13094,3.1737,3.48123,1.81287,3.89324,2.61696,2.16272,1.81287,2.61696,0.113644,8.03109,9.84878,9.84932,4.57973,8.56232,10.7044,8.56752,5.07842,11.8061,9.70115,9.43203,6.73635,3.9543,7.1681,4.77752,4.77752,3.76961,5.46373,5.55467,2.77595,6.26032,5.10633,4.31312,4.89983,3.39116,6.65623,2.61696,7.83293,5.17089,7.61169,4.40897,9.48244,6.52685,11.3613,6.20187,6.01703,6.21406
ISLR,12.0918,8.09951,8.04335,7.58896,9.7182,9.34648,8.441,10.105,11.5966,0.113644,0.113644,6.63774,6.38743,4.67269,2.77595,5.27627,1.20968,1.20968,0.113644,0.113644,0.113644,0.113644,0.113644,0.113644,3.92746,0.113644,0.113644,0.113644,0.113644,0.113644,0.113644,0.113644,0.113644,0.113644,0.113644,7.57242,7.14836,7.928,0.113644,1.9878,0.113644,11.5506,8.12696,11.0463,6.89305,6.11658,6.4358,1.81287,4.29129,5.04875,5.72615,0.113644,2.77595,2.51832,1.20968,3.39116,0.113644,2.16272,1.20968,2.16272,2.16272,2.16272,0.113644,5.54345,5.57221,1.20968,0.113644,3.1737,0.113644,0.113644,0.113644,0.113644
LRRC32,9.94961,9.31063,8.84983,8.29646,8.29013,9.14581,9.26752,7.64908,5.09238,0.113644,0.113644,8.92409,7.09227,7.34635,4.31312,3.96826,4.63537,2.16272,0.113644,3.33816,0.113644,0.113644,5.04875,6.01703,7.02922,1.20968,4.71212,0.113644,3.05618,0.113644,2.77595,3.11494,4.3915,4.21911,0.113644,6.8903,6.89949,6.86501,2.99037,0.113644,1.81287,10.449,8.06575,9.16713,9.09888,2.41968,6.10721,3.48123,3.42671,4.77752,4.77752,3.39116,3.56825,2.60945,2.77595,2.92457,0.113644,1.81287,1.20968,2.85026,2.61696,1.20968,1.20968,9.65925,6.65149,3.83218,2.51832,3.80089,5.47412,2.77595,1.20968,0.113644
LTBP2,13.7953,10.79,10.2712,10.7784,9.54912,11.3417,13.3486,12.536,12.5861,1.81287,2.16272,13.2165,7.49889,5.93591,6.14657,6.51689,5.93591,8.19063,4.59911,4.80597,0.113644,0.113644,7.73975,4.59911,9.20665,6.59685,6.33362,3.89584,5.30108,6.96122,4.74622,4.74622,4.56034,4.99416,0.113644,9.88286,11.4612,12.3081,6.20279,8.84038,10.7651,14.0088,9.66068,12.3665,12.021,11.598,8.43816,6.17424,7.55088,5.81111,6.35023,5.8662,7.14836,4.33251,5.45333,7.83293,4.21911,5.18213,5.40837,5.02256,8.40087,7.32559,8.64333,7.74646,9.68321,6.34193,7.49889,6.50535,10.813,6.99029,6.51705,6.93584
LUM,11.0842,11.763,9.40364,11.5121,11.6886,11.9071,12.185,12.1512,14.419,0.113644,4.02961,11.2886,9.63365,7.87338,4.84279,8.00784,3.83218,3.05618,0.113644,4.28981,0.113644,0.113644,0.113644,0.113644,6.11068,1.81287,0.113644,0.113644,0.113644,0.113644,0.113644,0.113644,0.113644,0.113644,0.113644,11.2754,11.6701,10.3947,3.80089,1.20968,2.16272,13.139,9.1244,12.0002,11.352,9.14276,3.39116,0.113644,5.77783,4.38682,6.49365,0.113644,5.92718,2.2912,3.28517,5.84343,0.113644,4.26947,5.76006,0.113644,3.05618,5.19501,0.113644,8.35451,6.89227,3.1737,2.89533,2.61696,10.041,0.113644,1.20968,1.81287
MEDAG,8.86384,7.04658,6.64163,6.28742,8.32293,9.65078,9.6316,8.05911,9.11725,0.113644,0.113644,6.90917,2.41968,1.81287,1.20968,2.69645,1.20968,0.113644,0.113644,0.113644,0.113644,0.113644,0.113644,0.113644,4.81552,0.113644,0.113644,0.113644,1.20968,0.113644,0.113644,0.113644,0.113644,0.113644,0.113644,6.11658,6.11658,4.05725,0.113644,1.20968,0.113644,9.46706,6.60849,9.06234,7.99672,5.82639,2.16272,0.113644,2.16272,1.81287,2.61696,0.113644,1.20968,2.2912,5.15699,1.20968,0.113644,0.113644,0.113644,0.113644,0.113644,0.113644,1.20968,2.77595,1.81287,0.113644,0.113644,2.16272,1.81287,0.113644,0.113644,0.113644
MMP14,11.7839,8.84868,8.85203,7.90088,9.6092,12.3009,13.4726,12.4638,12.3024,0.113644,9.07491,13.677,8.70774,8.33012,9.5661,10.5962,10.1053,8.90075,3.64478,11.3049,0.113644,0.113644,12.2923,9.4188,11.5823,9.29474,5.65482,1.20968,5.00836,3.60651,2.77595,3.60651,4.28551,4.77752,0.113644,11.5283,12.2423,11.2668,13.5976,11.9564,12.2754,13.6666,7.65906,13.8655,12.7436,10.9115,9.3144,4.67269,9.57197,9.48624,9.89648,7.22538,8.45606,8.48079,5.84343,9.92253,3.48123,5.70924,6.76675,5.34282,7.92253,4.74482,10.6602,9.53297,9.79699,5.80336,5.53357,5.11807,13.0438,3.39116,8.01669,6.57326
MMP19,9.44318,6.09783,6.84192,6.81484,9.46332,8.7545,8.00002,8.08929,5.61307,0.113644,1.81287,8.06575,4.67269,5.51459,4.26947,4.75774,5.18213,5.47412,0.113644,4.32561,0.113644,0.113644,10.5486,8.75087,7.57325,2.77595,3.70787,2.92457,2.77595,1.20968,2.61696,1.9878,1.81287,1.81287,0.113644,6.79623,7.82356,7.61817,2.92457,3.73874,5.51459,8.40872,4.31312,7.69953,8.36372,7.86771,2.16272,2.16272,3.60651,2.16272,2.16272,3.28517,2.16272,1.20968,1.20968,5.23546,1.20968,2.41968,3.1737,0.661663,4.05534,2.77595,3.64478,3.47971,5.51459,2.61696,4.99267,2.41968,5.40837,3.39116,4.05534,4.57973
MMP2,13.4596,11.2706,11.1689,10.6745,11.1681,12.8179,13.8655,13.383,12.298,2.61696,1.20968,14.1764,8.81909,7.28786,8.5212,9.55542,4.89983,9.35141,4.74622,4.10658,0.113644,0.113644,8.45124,1.81287,9.91341,9.27797,0.113644,0.113644,0.113644,1.20968,0.113644,0.113644,0.113644,1.20968,0.113644,12.1331,12.9992,11.2635,11.7555,8.68345,8.76939,15.7616,9.79901,14.3189,13.4562,12.5099,8.16103,1.20968,8.35116,7.86326,8.09873,2.41968,7.67862,6.72628,9.9708,10.0235,8.17773,7.82526,8.12035,6.18762,5.91845,4.26947,7.32318,8.61401,9.94484,6.09783,3.56825,8.30295,9.99244,2.16272,2.77595,1.20968
MRAS,9.51045,11.6836,11.6853,9.36086,11.2038,10.813,9.69787,9.65935,8.73588,4.9151,3.67632,9.58247,5.91845,6.59685,6.14657,6.85833,7.12679,6.13094,6.80572,7.18072,6.09783,6.27464,10.1493,9.70667,8.95744,7.63578,5.78326,3.39116,5.72615,4.6924,3.56825,3.73874,2.92457,3.05618,4.38682,8.19977,9.4944,9.10198,9.91074,6.20796,6.30103,9.52771,9.90193,9.90663,9.0576,10.9799,11.1296,9.79901,7.98583,10.2371,10.2371,6.20187,8.71785,9.75319,8.90451,8.98109,8.97262,9.06946,7.71533,9.37788,7.19727,6.56568,6.05008,8.70663,8.23901,7.69953,8.99681,8.15551,8.97262,9.00294,6.53965,6.67211
MRC1,10.6712,9.08173,8.72005,1.20968,8.60355,2.16272,1.20968,0.113644,2.16272,0.113644,6.30103,0.113644,6.62962,8.64333,2.77595,1.20968,5.07842,0.113644,2.51832,0.661663,8.85952,5.70924,11.4834,13.1143,5.61152,8.19723,4.21911,1.20968,5.84629,1.81287,2.41968,2.2912,0.113644,2.16272,0.113644,2.41968,0.113644,2.16272,1.81287,3.43619,0.113644,0.113644,5.90239,1.20968,0.113644,0.113644,5.54225,2.16272,2.85026,2.61696,2.61696,3.89584,1.20968,0.661663,0.113644,0.113644,0.113644,0.113644,0.113644,0.113644,1.20968,0.113644,0.113644,8.0369,5.93591,2.16272,4.93268,4.98956,0.113644,7.16288,0.113644,0.113644
MRGPRF,8.37664,5.07842,5.24758,4.67269,7.03818,7.80811,8.15772,7.74633,7.73755,0.113644,1.20968,8.90936,3.76961,4.16691,3.70787,4.49573,4.38682,3.28517,0.113644,2.51832,0.113644,0.113644,1.81287,0.113644,7.16794,0.113644,0.113644,0.113644,0.113644,0.113644,0.113644,0.113644,0.113644,0.113644,0.113644,6.50485,8.37638,6.84472,3.1737,0.113644,2.16272,10.8678,4.93037,7.08465,8.76298,3.28517,3.56825,5.82639,0.113644,2.77595,3.28517,0.113644,1.20968,1.20968,1.20968,2.41968,0.113644,0.113644,0.113644,0.113644,0.113644,0.113644,0.113644,5.45112,2.92457,0.113644,0.113644,2.92457,2.16272,1.20968,1.20968,0.113644
MSC,8.54192,5.34282,5.15597,7.23213,6.41035,7.63847,7.64769,6.75375,4.51527,0.113644,0.113644,9.06713,3.56825,3.56825,2.77595,2.85026,3.28517,2.41968,1.20968,0.661663,0.113644,0.113644,8.98773,9.50235,7.34842,0.113644,5.04875,0.113644,6.05016,2.16272,2.77595,1.20968,2.16272,5.02256,0.113644,4.84279,6.58321,5.3147,10.1989,3.70787,3.56825,8.956,5.31558,8.81277,9.40765,7.557,0.113644,0.113644,1.9878,1.81287,1.81287,3.28517,0.113644,1.51127,9.23137,2.77595,0.113644,0.113644,0.113644,0.113644,4.21911,6.60267,1.20968,3.1737,3.11494,3.64478,0.113644,2.77595,6.75783,0.113644,0.113644,0.113644
MT1M,4.97847,4.38682,4.31312,3.39116,4.67269,4.93037,2.61696,3.56825,7.46147,0.113644,4.81015,3.64478,3.28517,7.46426,2.16272,0.113644,4.47438,0.113644,0.113644,1.20968,0.113644,0.113644,3.56825,0.113644,4.96278,0.113644,0.113644,0.113644,0.113644,0.113644,0.113644,0.113644,0.113644,0.113644,0.113644,2.77595,2.16272,3.22367,0.113644,2.16272,1.20968,4.80976,3.39116,1.81287,3.97909,3.56825,4.99416,2.61696,0.113644,6.93534,1.81287,0.113644,2.61696,2.2912,0.113644,0.113644,0.113644,0.113644,0.113644,0.113644,0.113644,0.113644,2.92457,1.9878,2.16272,0.113644,4.05725,0.113644,3.70787,2.61696,0.113644,0.113644
NID1,10.7936,11.0255,11.0184,10.1422,10.6745,11.3658,12.034,10.5481,9.35274,0.113644,1.20968,11.6734,9.65632,10.9189,8.2346,9.00229,10.4844,10.034,3.73874,7.21382,0.113644,0.113644,7.51938,6.26032,11.3444,5.63312,6.16133,0.113644,5.58268,1.81287,1.81287,2.16272,2.77595,1.20968,0.113644,9.54065,10.9886,10.8269,10.4033,6.00004,8.00587,11.7657,9.24262,11.8773,11.747,9.96349,8.23044,4.93037,8.97561,7.18296,7.37048,6.72289,6.62463,8.1156,3.56825,9.42566,6.36501,6.45202,8.64543,4.33251,6.8453,6.95675,5.23546,10.7851,8.3635,10.1352,6.8199,6.67824,9.85085,5.12981,1.20968,0.113644
NNMT,11.4253,8.67387,9.16631,9.9314,11.0944,11.3582,11.5078,11.2469,12.0637,0.113644,0.113644,11.2038,7.06978,11.3918,3.64478,3.62542,10.8555,8.35063,1.81287,7.66743,4.47438,5.5331,1.20968,0.113644,10.7442,3.83218,0.113644,0.113644,1.20968,1.81287,1.81287,1.20968,0.113644,1.20968,0.113644,9.35141,10.3159,7.78873,5.15597,2.69645,4.21911,11.3273,7.78223,11.3801,11.323,12.1838,4.63537,2.16272,6.48802,3.05618,3.89584,1.81287,2.92457,2.16272,2.77595,7.18296,2.77595,2.61696,3.28517,0.661663,7.79648,10.3661,2.77595,7.4921,7.55196,2.16272,6.00751,1.81287,11.4735,3.83218,5.25971,2.51832
NRP1,11.5006,11.6239,10.9214,10.7593,11.3869,11.8773,11.7514,11.5298,10.4356,7.08465,7.33108,12.0226,10.3304,10.3793,8.47702,9.4516,9.40874,10.1791,8.70774,9.23752,9.59891,9.56961,11.7639,11.6635,10.7845,11.2563,6.35023,7.23213,11.1612,7.07337,6.58321,7.32318,5.95955,5.91845,7.16833,10.6799,11.643,10.6017,6.32563,10.1679,9.24262,11.934,10.716,12.2698,11.4574,11.2423,9.0002,8.00587,10.6939,8.57799,9.02325,7.94077,8.52491,10.1127,10.4592,10.4633,10.2838,9.44814,8.64827,9.35443,10.3304,12.162,8.97815,11.9641,9.80028,10.0981,9.16862,8.41459,11.3311,7.04658,10.0514,10.0357
NRP2,9.84703,7.40086,7.23553,8.26448,10.1103,10.6807,10.7119,9.88129,10.7142,4.38682,4.40897,10.8766,9.2176,8.00587,7.23871,9.87213,7.08465,9.07382,7.10136,6.52877,6.59685,6.65623,11.5671,11.1457,9.19911,9.91698,4.67269,3.39116,4.29129,3.73874,5.10633,4.08298,5.76354,4.3519,4.11061,8.8032,9.50235,11.1811,11.6168,10.1884,9.06946,10.1686,6.8903,10.5397,10.804,7.96808,9.90969,4.93037,8.78045,10.4326,10.4616,6.47324,7.68261,8.54703,9.53006,10.8467,9.7299,10.0519,10.4771,9.89018,9.60298,9.83452,9.78113,8.67127,9.55427,7.72768,6.94077,7.00491,11.3859,5.72615,6.8903,5.484
OLFML2B,10.116,5.31558,5.44176,5.5514,7.50248,7.04658,8.92655,7.0808,8.75325,0.113644,0.113644,5.74381,4.67269,4.38682,4.56034,4.55719,3.48123,2.16272,1.20968,3.31939,0.113644,0.113644,9.17908,4.80976,5.22264,8.51653,3.64478,0.113644,2.2912,2.16272,0.113644,1.20968,0.113644,0.113644,0.113644,6.83834,6.38743,8.09288,6.21338,1.81287,1.81287,6.95675,7.37048,6.09783,7.10353,9.84827,5.10633,1.20968,4.94699,4.21911,5.47412,3.56825,2.92457,4.47438,5.76006,6.28742,3.56825,4.51527,5.72615,2.41968,3.89584,3.9543,0.113644,4.26947,5.38651,4.21911,4.91796,6.13094,6.3224,2.16272,2.16272,2.16272
OLFML3,10.7464,8.16537,7.69997,8.87813,8.71085,10.0053,10.6497,10.5459,9.42884,0.113644,1.81287,10.8766,7.78955,7.16288,5.72615,8.59194,5.07842,8.18352,2.41968,4.72917,0.113644,0.113644,5.3649,4.38682,5.79972,9.64377,1.81287,2.16272,1.20968,2.41968,1.20968,1.9878,0.113644,1.20968,0.113644,8.94859,10.1032,8.91033,5.15699,3.1737,5.12981,11.3167,7.29945,10.0123,10.5594,10.9732,6.09783,1.81287,3.70719,5.31558,5.93591,1.81287,2.41968,2.92457,3.9543,5.15699,2.92457,3.39116,2.92457,3.22943,4.84279,6.28742,3.05618,6.17447,6.85776,3.05618,2.69645,3.48123,5.10633,0.113644,4.51527,5.11807
PDCD1LG2,7.48852,4.63537,4.21911,5.20789,4.63537,5.65482,7.97777,7.90215,4.71212,0.113644,0.113644,7.85883,1.81287,3.70787,1.20968,1.51127,2.41968,2.41968,0.113644,3.11511,0.113644,0.113644,7.54934,8.98773,6.67586,2.41968,3.56825,0.113644,2.16272,3.39116,2.16272,2.16272,3.56825,3.64478,0.113644,5.51459,7.55317,4.49832,3.92507,4.56034,6.68963,7.82186,4.84279,6.9754,7.38198,6.53965,3.28517,2.16272,3.11494,1.81287,1.81287,2.61696,1.20968,2.21491,0.113644,4.56034,0.113644,0.113644,2.16272,0.113644,3.39116,1.81287,4.11061,1.81287,1.81287,1.20968,0.113644,0.113644,6.89949,0.113644,2.41968,1.81287
PDGFRA,10.6549,9.86693,9.00656,10.3869,10.164,11.3556,11.5626,11.8033,12.4705,2.41968,3.39116,12.1812,9.11166,8.4817,5.40837,8.89467,5.61397,4.84279,3.05618,3.33816,3.05618,0.113644,5.70924,4.05534,9.02953,4.56034,2.41968,2.77595,2.16272,3.63806,2.77595,3.39116,2.16272,2.16272,0.113644,10.041,11.3373,10.1274,3.80089,2.92457,2.92457,13.4726,9.14581,11.8595,11.5446,5.99799,9.96254,7.88609,5.10411,8.87207,8.61253,3.05618,6.9462,7.83795,3.89584,7.51341,3.76961,4.89983,3.76961,3.52474,4.00388,2.41968,3.1737,10.0601,7.49885,4.63537,7.01425,7.37922,2.61696,5.45333,2.61696,2.41968
PDGFRB,12.193,10.7803,10.2659,9.84363,10.9543,12.0918,12.3378,11.2751,11.3192,0.113644,1.81287,12.5307,9.58247,7.88005,6.38743,8.04349,6.9754,4.51527,2.16272,5.51655,0.113644,0.113644,4.26947,3.1737,9.54504,4.05534,4.31312,1.20968,3.1737,1.51127,3.83218,3.05618,4.08298,3.39116,0.113644,10.2707,10.8979,10.6606,4.13876,1.20968,2.16272,13.2165,10.1773,11.1631,11.9372,9.18625,9.04138,7.10985,5.64892,8.97562,10.0208,4.89983,8.64827,8.46145,5.45333,8.88994,2.92457,6.30103,8.01158,5.38652,3.1737,2.16272,0.113644,10.9346,8.55531,4.29129,6.24302,6.9754,6.60849,3.05618,2.61696,1.81287
PLAU,7.45757,7.35721,5.83448,7.04658,7.46884,8.19977,10.0817,9.73021,7.81863,2.41968,6.202,9.45371,5.84343,5.10633,7.7319,8.28152,4.21911,7.68261,0.113644,9.52227,0.113644,0.113644,10.2673,9.88733,6.5455,7.78223,5.49388,0.113644,6.91742,7.22228,4.51527,2.41968,5.15699,4.89983,0.113644,8.74315,8.89763,7.49748,3.39116,10.1519,12.3452,9.31175,7.59665,8.66182,9.88391,11.0327,4.26947,0.113644,7.54303,3.48123,3.89584,4.63537,2.41968,3.22943,3.28517,8.2838,2.92457,3.48123,4.16691,1.81287,9.84671,10.0547,10.9505,8.46699,7.33108,5.51459,2.99037,2.69645,11.9981,2.61696,7.50607,6.4358
PLPP3,11.1366,11.2622,10.3245,10.2491,11.5918,11.2486,10.8139,9.89921,10.7138,4.49483,7.41137,9.26011,8.7669,10.4747,8.30029,8.71158,9.90455,8.66986,6.37066,7.05494,4.84279,6.4358,8.57032,9.06713,10.7646,6.6835,4.51527,6.35023,2.92457,5.4302,4.21911,6.64699,4.6924,2.92457,2.16272,10.0919,10.1549,9.56639,6.62962,7.52411,5.74381,13.9155,9.57864,9.75152,9.90836,9.66289,11.0757,9.5765,10.3978,10.8967,10.9053,5.57065,9.01669,9.46902,2.61696,9.72045,6.75783,8.47702,9.86537,8.86348,8.40872,8.03109,7.37048,11.5009,8.25741,7.78223,6.27387,8.3443,6.93534,5.3649,7.4111,7.1528
PMP22,11.8341,11.3339,10.8691,10.9708,10.5123,10.8533,10.0024,9.69981,11.845,0.113644,9.5157,9.53006,8.4413,7.05535,8.30694,8.75771,5.95167,7.59665,1.20968,7.39202,0.113644,0.113644,9.86149,8.45606,6.57209,9.27507,4.67269,0.113644,8.63873,5.35105,1.20968,1.20968,0.113644,2.16272,0.113644,10.2107,9.92094,10.1813,10.8024,3.56825,4.89983,11.9709,9.56277,10.0945,9.89742,9.18625,11.1392,7.49889,8.16752,10.4306,10.2307,4.00388,7.12679,7.25144,9.5331,9.79901,4.43111,6.30103,9.22919,6.35023,8.33578,10.3571,3.1737,7.16901,8.35639,7.10985,7.86685,7.12139,6.58321,6.2249,7.58896,7.82526
POSTN,12.565,10.4559,8.48719,10.4729,10.6913,11.9915,14.6805,12.9992,10.5931,0.113644,0.113644,12.2531,5.45333,5.20789,3.39116,7.10473,3.76961,0.113644,0.113644,2.29401,0.113644,0.113644,0.113644,0.113644,8.18077,1.81287,0.113644,0.113644,0.113644,0.113644,0.113644,0.113644,0.113644,0.113644,0.113644,10.6119,10.1549,12.7528,2.16272,7.83422,5.07842,12.1607,5.74381,12.5927,9.61612,10.2332,2.16272,0.113644,8.148,4.16691,5.18213,0.113644,1.81287,1.81287,3.39116,5.7726,0.113644,3.28517,4.05534,2.41968,1.20968,0.113644,7.50607,9.07477,5.19501,2.16272,2.77595,2.41968,4.51527,2.92457,0.113644,0.113644
PTX3,7.41588,4.93037,3.73874,7.89585,3.56825,10.9689,12.1576,9.42945,9.48497,0.113644,0.113644,11.739,1.81287,2.16272,2.41968,3.88675,3.1737,2.16272,1.20968,4.20486,0.113644,0.113644,7.66804,5.88569,7.9544,3.64478,5.31558,0.113644,2.51832,4.31312,0.113644,2.41968,0.113644,1.20968,0.113644,4.84279,9.83515,3.05618,4.40897,1.81287,3.39116,11.1512,2.16272,10.3836,10.8082,9.27797,1.20968,1.81287,2.85026,2.16272,2.41968,3.56825,3.05618,7.47945,3.89584,7.30561,4.16691,5.59303,7.63847,5.44176,3.76961,1.81287,2.16272,3.77002,3.86401,3.9543,4.75774,1.20968,6.2249,0.113644,1.81287,2.16272
PXDC1,10.1078,8.37793,7.93467,8.85952,9.61169,9.96159,10.3081,9.66947,9.67035,0.113644,9.4071,9.78515,6.74061,10.1316,6.01703,7.49315,10.3565,7.91821,4.57973,9.80535,0.113644,0.113644,9.22023,9.21084,10.3353,9.00801,4.74622,0.113644,3.28517,5.11544,2.92457,1.81287,0.113644,3.28517,0.113644,8.90451,9.48878,8.88014,8.78718,8.39705,8.72465,9.67781,7.19032,9.66068,9.66301,8.77715,8.4817,4.16691,7.64019,8.75087,9.12937,5.31558,4.82627,7.17697,4.43111,8.40872,3.89584,5.59303,8.11752,5.51459,7.72768,6.60849,8.64827,8.10479,7.74633,6.82306,7.09456,4.67269,9.17122,5.12981,6.52893,6.74496
RAB7B,0.113644,4.74622,5.27315,4.67269,8.11293,6.86236,6.20084,6.08859,5.89233,0.113644,1.9878,6.30103,3.76961,3.28517,3.48123,3.33816,4.56034,5.28658,0.113644,6.4442,0.113644,0.113644,9.69301,9.61646,7.49469,2.92457,2.92457,0.113644,4.93037,0.113644,0.113644,0.113644,0.113644,0.113644,0.113644,7.44713,5.96743,6.9754,4.40897,7.74646,8.12929,8.02584,5.12981,6.88087,6.76763,4.96278,4.26947,0.113644,2.77595,3.28517,3.1737,2.16272,2.92457,3.11494,2.41968,4.31312,0.113644,1.81287,2.61696,2.2912,3.05618,1.81287,7.54135,1.51127,3.70787,2.41968,4.53675,0.113644,4.00388,0.113644,3.64478,3.76961
RGL1,10.2038,9.32584,8.86876,8.84753,9.34648,9.1361,8.4916,8.61122,8.41459,0.113644,7.37872,9.13826,8.74681,8.18352,6.8453,8.16328,8.04272,6.31418,8.74658,6.64724,7.00978,0.113644,10.7044,10.3793,9.02399,9.64027,5.93591,4.93037,6.96517,5.44176,5.31558,4.79364,7.27465,6.26032,0.113644,8.33964,8.59651,8.3838,7.73372,6.00751,5.70924,9.50903,6.86236,9.73955,9.15338,6.66685,10.077,9.51089,7.70227,9.17601,9.30245,6.31418,9.10281,9.84377,9.04138,9.45601,7.60901,8.51328,9.23137,8.17347,6.78736,6.45048,6.61965,9.96255,7.97068,6.97055,8.40468,8.0009,8.23044,5.88569,5.67402,6.12376
RIN2,10.7872,9.6663,9.13314,9.43823,8.70389,8.97262,8.90075,9.94279,9.25833,8.21748,9.41804,9.14581,9.07876,7.80811,8.47702,8.42014,7.02366,9.22701,9.37109,8.63649,11.6819,11.348,10.3604,9.7182,7.48545,10.2354,7.56734,5.23546,6.27464,5.98271,4.99416,5.64397,4.87314,3.56825,7.557,9.88733,9.55746,8.99465,5.20789,9.33719,9.98229,9.52562,8.40585,8.92875,9.33365,9.88286,9.92253,7.73525,8.71888,8.34797,8.12929,9.00523,8.51888,7.08465,5.47412,8.24738,7.9143,7.65906,8.17054,7.42671,9.32958,9.69825,9.87999,9.68966,9.53158,8.16716,10.1233,7.77005,9.32958,9.21322,8.04956,8.3119
RNASE1,12.5434,11.1736,10.5953,7.01742,11.9677,0.113644,0.113644,0.113644,0.113644,0.113644,9.18744,0.113644,8.6516,7.48062,6.53429,6.33187,5.20789,4.43111,1.81287,5.85348,0.113644,0.113644,10.3487,10.5025,7.98194,7.94665,3.1737,0.113644,5.78326,0.113644,0.113644,1.20968,0.113644,0.113644,0.113644,1.81287,0.113644,0.113644,0.113644,3.60651,0.113644,0.113644,9.23839,3.05618,0.113644,0.113644,9.14581,4.3519,2.77076,8.21284,8.03109,2.41968,3.1737,1.9878,1.20968,0.113644,0.113644,0.113644,0.113644,0.113644,2.61696,1.81287,4.67269,9.3736,8.79188,1.20968,6.55607,5.44176,0.113644,3.39116,1.20968,1.20968
SDC2,11.2525,10.1472,9.47298,10.1053,10.9015,11.3367,11.2063,10.457,11.7857,0.113644,2.69645,10.0352,9.88286,11.3826,7.06978,9.3197,11.0198,3.48123,9.9323,7.14317,10.6198,9.68221,11.1328,11.5886,11.0866,9.27163,5.5331,0.113644,3.28517,7.84796,1.20968,1.20968,0.113644,1.20968,0.113644,9.46706,10.2033,11.3736,7.73975,6.89949,4.93037,10.1662,8.70389,10.4496,10.25,9.148,8.9673,8.87207,8.23321,9.8983,10.1399,4.89983,8.90693,7.94553,7.47443,10.3971,9.04961,9.69695,10.0643,10.2765,6.72289,5.98271,6.39847,9.39267,9.13985,9.57553,9.20529,8.72108,10.6637,8.43472,7.79302,7.64908
SERPINE1,12.0306,8.32557,8.6623,10.6394,7.22182,11.6586,14.9608,13.6565,11.7631,5.04875,5.4302,15.2572,6.53965,11.1041,6.45202,8.06646,11.9613,8.59108,3.64478,8.72723,5.10633,7.40438,8.82663,7.59665,12.9495,7.44391,4.56034,4.74622,3.9543,4.00388,5.10633,4.33251,4.31312,3.76961,1.20968,10.272,13.5692,6.53857,5.72653,10.7156,12.0361,11.5092,5.76006,14.4187,13.9347,13.3299,6.96122,3.28517,8.61549,5.02256,4.99416,4.84279,6.35023,3.85017,5.07842,9.60083,5.15699,4.87314,5.91845,2.61696,9.76423,11.4136,10.4095,7.8963,8.53106,4.72917,10.158,5.31558,13.8779,6.92548,7.38198,5.99223
SERPING1,13.2437,11.1594,11.5832,10.7083,11.1922,10.144,8.00799,8.77128,11.3002,7.33029,2.16272,9.47929,8.75978,13.3523,7.34809,7.37677,13.0382,8.56328,4.16486,4.10046,0.113644,6.93534,8.58424,6.79623,12.398,8.06116,8.19977,1.20968,9.12403,8.967,2.61696,4.05748,0.113644,0.113644,0.113644,9.43595,9.02752,10.0763,7.33108,6.52299,7.37647,13.3226,9.62186,9.18212,9.76411,5.15699,9.94746,6.28742,5.55381,9.20348,9.67781,6.53965,8.94069,7.50974,5.93591,7.7649,7.66804,7.41835,8.55418,7.54934,5.15699,2.61696,7.57242,10.4115,9.50907,6.9754,4.65403,6.8949,5.5331,2.16272,3.1737,2.16272
SPARC,15.1868,13.0785,12.5405,13.9026,15.4785,15.7616,16.3707,15.7616,15.0373,7.65305,3.43619,16.2471,12.6194,11.436,10.6435,12.4105,9.76423,9.42341,4.26612,7.92114,1.20968,6.99029,10.8185,7.49163,12.4048,9.15597,7.16288,4.71212,4.9313,6.60143,3.89584,6.18573,6.14541,4.51527,0.113644,13.9413,14.9608,13.4146,13.6565,8.12393,11.3684,14.4187,12.1863,16.2471,15.4785,15.5435,14.9256,12.0567,12.1428,15.0775,15.121,9.4696,11.9071,11.4525,8.60355,14.5779,10.747,11.8305,14.1126,11.9753,8.57341,4.65403,8.37638,12.1345,12.4705,10.5013,12.291,11.4633,14.5054,9.00294,4.84279,4.08298
SPP1,7.94793,6.81895,5.78558,5.04875,7.26685,4.47438,4.82533,3.83218,5.31558,0.113644,0.113644,3.56825,3.28517,8.31686,4.16691,4.98913,6.53965,0.113644,6.8182,1.13818,6.26032,8.956,13.5785,11.8773,7.53787,15.1868,5.23546,1.81287,1.81287,6.62761,1.81287,1.81287,0.113644,1.20968,0.113644,3.1737,4.21911,4.02961,7.94433,2.92457,1.81287,2.41968,0.113644,4.51527,3.60651,1.81287,13.8124,8.68785,8.17263,10.8833,10.3526,1.20968,11.4136,7.65319,5.61397,7.96808,6.99029,5.40837,8.05706,4.67269,6.4358,10.9746,2.16272,14.766,7.71739,5.31558,5.64397,2.16272,10.4112,2.41968,1.20968,0.113644
TCN2,9.70267,7.97014,7.06147,6.8903,8.956,7.04658,6.39295,5.76006,5.92718,1.20968,9.19562,7.54934,7.71533,7.14836,7.21464,7.74954,7.10985,4.99416,6.03355,5.41033,0.113644,0.113644,9.16713,8.22586,8.50715,6.27464,6.31418,1.20968,6.21948,2.41968,3.48123,2.92457,5.11807,1.81287,6.21406,5.93591,6.38743,5.66266,7.96411,5.34282,5.15699,7.66284,5.90239,6.52893,7.36331,5.99799,7.26034,3.56825,7.21123,6.58321,6.8453,6.07935,7.26034,5.9321,7.96365,7.11933,6.2249,6.66685,6.17424,6.81345,6.30103,6.73635,7.33897,10.5419,6.51689,6.18762,6.40441,6.39333,6.80572,5.47412,3.89584,3.76961
TGFBI,11.3915,10.2627,9.99846,10.2047,9.54449,12.4102,14.4187,13.7784,13.0814,0.113644,5.76781,15.2096,9.5376,10.9477,10.1012,10.3908,11.9508,10.5293,2.77595,9.99034,0.113644,0.113644,12.6933,13.383,13.2969,10.0907,10.5486,0.113644,13.5975,5.15423,5.4302,4.19301,1.81287,3.64478,0.113644,12.2179,13.6978,8.93339,6.36972,11.5968,12.2477,13.3908,8.97815,14.6277,14.264,14.654,8.67403,2.16272,7.70719,5.84343,7.11933,10.451,5.50423,3.77002,9.81703,9.87578,4.16691,4.26947,3.64478,2.41968,11.2657,12.4246,11.6718,9.40771,9.37667,7.31371,4.87131,4.51736,13.3299,2.77595,8.86348,8.47155
THBS1,13.203,10.9995,11.0604,11.8546,11.0253,14.3381,16.5074,15.3615,13.503,8.53994,11.0591,14.3002,10.6602,10.7397,9.8038,11.1626,10.5001,12.1038,7.90393,10.6375,8.13855,8.82663,9.97843,7.62734,11.6464,9.0026,8.73232,7.25523,6.21251,8.05766,7.96808,6.46472,5.4302,5.82639,7.51938,12.6349,15.2096,13.0113,8.88354,12.2895,14.553,14.9256,8.38924,14.3189,14.3191,15.1641,9.26447,6.95675,11.4788,6.78736,6.83068,9.54794,7.57088,10.7208,5.96743,10.923,8.14653,8.21284,9.60298,7.62119,11.0609,10.7062,11.9183,13.7459,11.5336,9.19439,11.285,9.40473,15.0775,8.73712,12.0941,13.23
THBS2,11.9069,9.255,8.91253,10.3869,10.3142,11.84,13.8419,12.5099,10.5595,0.113644,1.20968,13.4898,8.17054,6.68963,4.05534,6.71018,4.31312,4.3519,3.39116,3.97559,0.113644,0.113644,4.47438,3.1737,9.18337,4.67269,2.41968,1.20968,3.73874,1.20968,2.41968,2.16272,1.81287,2.16272,0.113644,11.3254,11.1626,12.7996,9.69984,3.83218,11.5732,12.7328,6.20187,13.2437,12.3789,8.68093,10.8094,5.65482,6.98284,9.11669,9.14276,3.64478,3.70787,8.16892,6.30103,8.47383,4.47438,6.36501,8.82663,7.95522,3.64478,2.77595,3.9543,7.83623,8.24022,3.70787,7.27465,4.40897,4.56034,7.29406,3.89584,3.1737
TIMP1,13.6925,9.99244,10.4497,11.9487,8.74129,12.1967,13.1609,12.574,13.6874,9.04138,8.13124,13.7729,10.2872,11.1479,10.0346,9.97547,10.2165,10.7693,10.3481,10.24,11.1571,11.9298,11.4763,10.1156,11.6521,7.9143,10.4306,5.18213,7.7248,9.92325,8.08888,6.85105,7.35038,7.80811,9.59891,11.1764,12.983,9.49347,11.1875,9.9635,9.7965,13.7513,7.58896,13.6263,13.4225,12.6194,8.0758,4.99416,10.9231,9.29509,9.66533,9.53006,8.43178,6.32801,8.35063,9.56017,8.27579,7.32318,7.92253,7.85002,10.4935,10.8445,11.5165,9.28398,9.7381,9.43571,11.6241,9.35509,9.98948,7.95029,10.034,9.53827
TIMP2,13.2612,11.4353,11.31,11.0885,12.3665,12.3391,13.8067,12.5984,13.1266,8.63669,9.03868,14.1286,10.7337,10.3142,10.355,11.164,8.70389,10.5722,10.1645,11.8514,7.28076,9.36558,12.3391,11.4883,11.7127,11.6541,11.071,9.81116,9.58366,10.3005,7.12679,10.0908,4.99267,6.58321,9.29509,12.1207,13.0668,12.3338,14.654,7.66355,8.8032,15.0775,10.1375,13.3986,13.9096,11.1528,12.6689,8.87813,10.2904,12.7414,12.9203,10.2439,10.7144,11.9064,12.6003,12.7814,10.7284,11.3613,12.3819,11.0213,10.8855,9.63196,8.29646,10.3395,11.2472,9.44466,11.2554,9.53994,12.0941,9.79396,10.3057,9.9436
TMEM26,2.2912,2.92457,1.81287,1.20968,2.92457,3.05618,4.26947,3.56825,5.6831,0.113644,1.20968,4.63537,3.05618,3.76961,1.81287,2.2912,1.20968,0.113644,0.113644,1.81287,0.113644,0.113644,4.43111,3.76961,3.76961,1.20968,0.113644,2.77595,0.113644,0.113644,0.113644,1.81287,0.113644,0.113644,0.113644,1.20968,3.56825,3.1737,4.51527,0.113644,0.113644,5.23546,3.1737,2.77595,5.27315,2.92457,1.81287,0.113644,2.41968,2.61696,2.41968,0.113644,0.113644,1.20968,1.20968,3.1737,0.113644,1.20968,1.20968,0.113644,0.113644,0.113644,0.113644,4.84279,2.16272,1.20968,0.113644,1.20968,1.81287,0.113644,0.113644,1.20968
TNFAIP6,5.94294,5.18213,4.02961,6.63774,5.51459,6.63774,5.88569,5.95955,9.35137,0.113644,2.41968,8.13314,1.81287,1.20968,1.20968,2.2912,0.113644,0.113644,0.113644,0.113644,0.113644,0.113644,8.90075,5.76006,6.03168,0.113644,9.03285,0.113644,1.81287,9.5094,0.113644,0.113644,0.113644,0.113644,0.113644,4.51527,5.59303,2.99037,4.77799,1.81287,1.20968,7.70435,3.83218,8.97262,6.62503,6.03426,1.20968,0.113644,1.20968,2.61696,2.41968,1.81287,0.113644,0.113644,0.113644,1.20968,0.113644,0.113644,0.113644,0.113644,1.81287,2.41968,0.113644,1.81287,1.20968,0.113644,2.92457,2.16272,3.28517,3.56825,0.113644,0.113644
TNS1,12.5333,13.5555,13.5467,10.4935,12.3212,11.9656,12.051,10.81,11.9736,7.68261,4.61724,12.2179,10.0028,10.5901,7.98143,7.61932,10.5067,8.14653,8.1023,7.66436,8.01158,8.79012,10.2241,9.40188,11.8147,7.70909,7.39734,6.09783,7.82367,5.63312,5.23546,5.62355,4.51527,4.21911,3.64478,10.8028,10.6799,11.9133,10.3684,8.01669,6.17424,11.9091,12.245,11.8165,11.401,11.3273,13.1641,9.6997,9.28819,9.85343,9.85343,7.53071,9.24767,8.75055,11.5732,9.1216,8.15151,7.67462,8.75087,8.72014,8.04272,6.66685,8.22586,13.5692,10.1038,7.97891,8.9327,8.57627,10.9623,6.41035,6.42264,6.33362
VCAM1,8.15515,6.53965,5.35105,6.23741,7.53683,7.40438,8.97701,4.96278,10.2267,0.113644,1.20968,7.85883,6.2249,8.12035,2.41968,7.09107,6.4358,0.113644,0.113644,0.113644,0.113644,0.113644,2.92457,4.74622,8.30998,2.41968,0.113644,1.20968,2.41968,0.113644,3.83218,1.20968,2.41968,2.77595,0.113644,4.47438,3.70787,4.43673,0.113644,0.113644,0.113644,7.26685,5.23546,5.40837,8.94238,5.8662,7.41137,2.16272,6.59585,6.35023,7.23213,1.81287,2.92457,6.32387,2.41968,7.35721,1.20968,3.64478,8.9972,3.92507,1.81287,0.113644,0.113644,10.7417,5.28658,3.05618,3.70787,1.81287,7.16288,1.81287,0.113644,0.113644
WISP1,6.20498,4.43111,4.61724,3.89584,2.16272,6.28742,7.58823,7.19032,8.34337,0.113644,3.05618,7.51341,3.56825,3.56825,1.81287,3.11494,1.81287,1.20968,0.113644,0.113644,0.113644,0.113644,0.113644,0.113644,3.53629,0.113644,0.113644,0.113644,1.81287,0.113644,0.113644,0.113644,0.113644,0.113644,0.113644,3.89584,5.02256,4.12387,3.52474,2.85026,1.20968,8.23044,2.61696,8.06575,6.65349,2.16272,2.41968,0.113644,2.92457,2.16272,2.16272,0.113644,0.113644,0.113644,0.113644,1.81287,0.113644,0.113644,0.113644,0.113644,1.20968,0.113644,1.20968,6.95675,4.08298,0.113644,2.41968,1.20968,2.16272,0.113644,0.113644,0.113644
